ad_domain,sellersjson_lines,case1_(incorrect_seller_type),case2_(incorrect_seller_domain),case3_(incorrect_seller_name),case4_(confidential_seller),case5_(duplicate_entries),total_publishers,total_intermediaries,total_both,case6_(intermediaries_wo_sellersjson),case7_(id_sharing)
01-edito-atf-laplacemedia-1.fr,1351,0,250,32,0,0,0,0,1351,1,0
01-edito-atf-laplacemedia-2.fr,1351,0,250,32,0,0,0,0,1351,1,0
01-edito-atf-laplacemedia-3.fr,1351,0,250,32,0,0,0,0,1351,1,0
01-edito-atf-laplacemedia-4.fr,1351,0,250,32,0,0,0,0,1351,1,0
01-edito-atf-laplacemedia-5.fr,1351,0,250,32,0,0,0,0,1351,1,0
01-edito-atf-laplacemedia-6.fr,1351,0,250,32,0,0,0,0,1351,1,0
01-edito-atf-laplacemedia-7.fr,1351,0,250,32,0,0,0,0,1351,1,0
01-edito-atf-laplacemedia-8.fr,1351,0,250,32,0,0,0,0,1351,1,0
01-edito-atf-laplacemedia.fr,1351,0,250,32,0,0,0,0,1351,1,0
02-services-atf-laplacemedia-1.fr,1351,0,250,32,0,0,0,0,1351,1,0
02-services-atf-laplacemedia-2.fr,1351,0,250,32,0,0,0,0,1351,1,0
02-services-atf-laplacemedia-3.fr,1351,0,250,32,0,0,0,0,1351,1,0
02-services-atf-laplacemedia-4.fr,1351,0,250,32,0,0,0,0,1351,1,0
02-services-atf-laplacemedia-5.fr,1351,0,250,32,0,0,0,0,1351,1,0
02-services-atf-laplacemedia-6.fr,1351,0,250,32,0,0,0,0,1351,1,0
02-services-atf-laplacemedia-7.fr,1351,0,250,32,0,0,0,0,1351,1,0
02-services-atf-laplacemedia-8.fr,1351,0,250,32,0,0,0,0,1351,1,0
02-services-atf-laplacemedia.fr,1351,0,250,32,0,0,0,0,1351,1,0
03-social-atf-laplacemedia-1.fr,1351,0,250,32,0,0,0,0,1351,1,0
03-social-atf-laplacemedia-2.fr,1351,0,250,32,0,0,0,0,1351,1,0
03-social-atf-laplacemedia-3.fr,1351,0,250,32,0,0,0,0,1351,1,0
03-social-atf-laplacemedia-4.fr,1351,0,250,32,0,0,0,0,1351,1,0
03-social-atf-laplacemedia-5.fr,1351,0,250,32,0,0,0,0,1351,1,0
03-social-atf-laplacemedia-6.fr,1351,0,250,32,0,0,0,0,1351,1,0
03-social-atf-laplacemedia-7.fr,1351,0,250,32,0,0,0,0,1351,1,0
03-social-atf-laplacemedia-8.fr,1351,0,250,32,0,0,0,0,1351,1,0
03-social-atf-laplacemedia.fr,1351,0,250,32,0,0,0,0,1351,1,0
04-edito-mtf-laplacemedia-1.fr,1351,0,250,32,0,0,0,0,1351,1,0
04-edito-mtf-laplacemedia-2.fr,1351,0,250,32,0,0,0,0,1351,1,0
04-edito-mtf-laplacemedia-3.fr,1351,0,250,32,0,0,0,0,1351,1,0
04-edito-mtf-laplacemedia-4.fr,1351,0,250,32,0,0,0,0,1351,1,0
04-edito-mtf-laplacemedia-5.fr,1351,0,250,32,0,0,0,0,1351,1,0
04-edito-mtf-laplacemedia-6.fr,1351,0,250,32,0,0,0,0,1351,1,0
04-edito-mtf-laplacemedia-7.fr,1351,0,250,32,0,0,0,0,1351,1,0
04-edito-mtf-laplacemedia.fr,1351,0,250,32,0,0,0,0,1351,1,0
05-services-mtf-laplacemedia-2.fr,1351,0,250,32,0,0,0,0,1351,1,0
05-services-mtf-laplacemedia-3.fr,1351,0,250,32,0,0,0,0,1351,1,0
05-services-mtf-laplacemedia-4.fr,1351,0,250,32,0,0,0,0,1351,1,0
05-services-mtf-laplacemedia-5.fr,1351,0,250,32,0,0,0,0,1351,1,0
05-services-mtf-laplacemedia-6.fr,1351,0,250,32,0,0,0,0,1351,1,0
05-services-mtf-laplacemedia-7.fr,1351,0,250,32,0,0,0,0,1351,1,0
05-services-mtf-laplacemedia.fr,1351,0,250,32,0,0,0,0,1351,1,0
06-social-mtf-laplacemedia-1.fr,1351,0,250,32,0,0,0,0,1351,1,0
06-social-mtf-laplacemedia-2.fr,1351,0,250,32,0,0,0,0,1351,1,0
06-social-mtf-laplacemedia-3.fr,1351,0,250,32,0,0,0,0,1351,1,0
06-social-mtf-laplacemedia-4.fr,1351,0,250,32,0,0,0,0,1351,1,0
06-social-mtf-laplacemedia-5.fr,1351,0,250,32,0,0,0,0,1351,1,0
06-social-mtf-laplacemedia-6.fr,1351,0,250,32,0,0,0,0,1351,1,0
06-social-mtf-laplacemedia-7.fr,1351,0,250,32,0,0,0,0,1351,1,0
06-social-mtf-laplacemedia.fr,1351,0,250,32,0,0,0,0,1351,1,0
07-ros-btf-laplacemedia-1.fr,1351,0,250,32,0,0,0,0,1351,1,0
07-ros-btf-laplacemedia-2.fr,1351,0,250,32,0,0,0,0,1351,1,0
07-ros-btf-laplacemedia-3.fr,1351,0,250,32,0,0,0,0,1351,1,0
07-ros-btf-laplacemedia-4.fr,1351,0,250,32,0,0,0,0,1351,1,0
07-ros-btf-laplacemedia-5.fr,1351,0,250,32,0,0,0,0,1351,1,0
07-ros-btf-laplacemedia-6.fr,1351,0,250,32,0,0,0,0,1351,1,0
07-ros-btf-laplacemedia-7.fr,1351,0,250,32,0,0,0,0,1351,1,0
07-ros-btf-laplacemedia.fr,1351,0,250,32,0,0,0,0,1351,1,0
10up.com,5,0,0,0,0,0,4,0,1,1,0
152media.info,1174,0,3,28,0,2,1031,136,7,2,890
1xl.co.uk,30,0,0,0,0,0,30,0,0,0,0
20minutes.fr,7,0,0,0,0,0,7,0,0,0,0
234.hr,90,0,0,0,0,0,90,0,0,0,1
33across.com,1790,0,9,75,0,0,924,201,665,2,0
360playvid.com,1,1,1,0,0,0,0,0,0,0,0
366.fr,11,0,0,0,0,0,11,0,0,0,0
42media.group,2,0,0,0,0,0,2,0,0,0,0
47samurai.com,30,0,0,0,0,0,30,0,0,0,0
4strokemedia.com,108,0,108,0,108,0,108,0,0,0,0
4wmarketplace.com,3439,0,15,21,0,0,3439,0,0,0,0
9dotsmedia.com,75,0,0,6,0,0,71,4,0,1,2
9mediaonline.com,43,0,0,42,0,0,42,1,0,1,0
9mo.in,3713,0,0,3713,0,0,1092,2621,0,1,3669
a.publir.com,211,0,0,9,0,0,210,1,0,1,0
a4g.com,266,0,112,87,0,0,266,0,0,0,0
aax.media,172,0,0,3,0,0,150,22,0,1,1
acexchange.co.kr,82,50,5,1,5,0,32,0,0,0,0
acquamedia.com.hk,106,0,2,25,0,0,106,0,0,0,0
actualmedia.hu,71,0,0,3,0,0,71,0,0,0,0
ad-alliance.de,16,0,0,1,0,0,16,0,0,0,0
ad-generation.jp,4073,0,2820,46,73,0,4024,49,0,1,0
ad-stir.com,10004,0,10004,0,10003,0,9895,102,7,2,0
ad.plus,1223,0,1223,0,1223,0,1223,0,0,0,0
ad.yieldlab.net,121,0,0,8,0,0,66,30,25,2,0
ad4game.com,266,0,112,87,0,0,266,0,0,0,0
ad4good.com,24,0,0,0,0,0,15,9,0,1,0
adaccess.fr,156,0,1,0,0,0,156,0,0,0,0
adagio.io,286,0,0,1,0,0,119,132,35,2,0
adalliance.nl,98,0,0,0,0,0,98,0,0,0,0
adapex.io,1025,0,5,938,0,0,993,0,32,1,0
adaptivemedia.hu,70,0,0,5,0,0,70,0,0,0,20
adaptmx.com,424,0,2,24,0,2,139,7,278,2,68
adasta.it,52,0,0,3,0,0,46,3,3,2,0
adbility-media.com,10,0,0,0,0,0,8,2,0,1,0
adbite.com,1,1,1,0,0,0,0,0,0,0,0
adcoin.com,4,0,0,1,0,0,4,0,0,0,0
adcolony.com,7603,0,1221,117,0,0,7585,18,0,1,0
addapptr.com,561,0,6,27,3,0,561,0,0,0,31
addefend.com,27,0,0,5,0,0,27,0,0,0,0
addkt.com,70,0,0,3,0,2,70,0,0,0,2
adelement.com,707,0,1,9,0,0,701,6,0,1,2
adfirst.media,14,0,0,1,0,0,14,0,0,0,0
adflare.com,134,134,0,0,0,3,0,0,0,0,13
adform.com,425,0,182,10,11,0,207,180,38,2,0
adgage.es,78,0,0,1,0,0,71,0,7,1,29
adglister.com,1725,0,0,404,0,0,1725,0,0,0,0
adhouse.pro,16,0,0,0,0,0,16,0,0,0,0
adingo.jp,6287,0,3800,45,3800,0,4137,2070,80,2,0
adinmo.com,56,0,2,1,0,0,55,1,0,1,0
adinplay.com,826,0,0,42,0,5,826,0,0,0,462
adipolo.com,1374,0,78,998,0,0,1320,43,11,2,0
adipolosolutions.com,322,0,7,192,0,0,322,0,0,0,0
aditude.io,31,0,0,1,0,0,31,0,0,0,4
adlane.info,224,0,13,31,0,1,89,134,1,2,1
admanmedia.com,458,0,1,12,0,4,392,53,13,2,56
admaru.com,42,0,0,38,0,0,42,0,0,0,0
admatic.com.tr,10793,0,10793,0,10793,0,10793,0,0,0,0
admetricspro.com,165,0,33,12,0,0,165,0,0,0,0
admicro.vn,1,0,0,0,0,0,1,0,0,0,0
admida.com,112,0,112,0,112,0,5,0,107,1,0
admin.pubwise.io,1524,0,4,428,0,0,1521,3,0,1,0
admix.in,113,0,0,1,0,1,112,1,0,1,1
admixer.co.kr,126,0,1,0,0,2,74,52,0,1,2
admixer.com,354,0,43,65,19,0,187,147,20,2,0
admixer.net,354,0,43,65,19,0,187,147,20,2,0
admixplay.com,113,0,0,1,0,1,112,1,0,1,1
admonkey.mobi,622,3,0,23,0,0,564,55,0,1,0
admysports.com,1,1,1,0,0,0,0,0,0,0,0
adnimation.com,301,0,0,30,0,0,301,0,0,0,5
adnordics.com,35,0,34,0,34,0,34,1,0,1,0
adnuro.com,32,0,0,0,0,0,28,4,0,1,0
adocean-global.com,27,0,0,1,0,0,27,0,0,0,0
adomega.in,69,0,9,5,0,0,69,0,0,0,8
adop.cc,2201,0,58,304,0,23,2165,36,0,1,529
adops.com,11,0,0,0,0,0,11,0,0,0,0
adopslatam.com,23,0,0,0,0,1,23,0,0,0,6
adpies.com,21,20,0,0,0,0,0,1,0,1,1
adpone.com,920,0,1,30,0,0,918,1,1,2,6
adprofit.se,46,0,0,0,0,0,46,0,0,0,0
adpushup.com,362,0,2,112,2,1,361,0,1,1,1
adrenalead.com,1150,0,4,76,0,281,1150,0,0,0,629
adrep.io,492,0,2,63,0,0,492,0,0,0,358
adroni.io,1,1,1,0,0,0,0,0,0,0,0
ads-hax-rtb.ortb.net,937,0,539,8,0,0,816,118,3,2,0
ads-mrl-rtb.ortb.net,668,0,27,0,27,0,44,408,216,2,0
ads.cafemedia.com,7566,0,0,55,0,0,7566,0,0,0,0
ads.plus,374,0,2,0,0,0,374,0,0,0,44
ads4you.es,6,0,0,0,0,0,6,0,0,0,1
adsanddata.be,15,0,0,0,0,0,15,0,0,0,0
adsgard.net,244,0,65,1,63,0,113,103,28,2,0
adsinteractive.hu,231,0,0,7,0,0,231,0,0,0,147
adsmovil.com,1,0,0,0,0,0,0,1,0,1,0
adsocy.com,218,0,2,0,0,0,218,0,0,0,0
adsolut.in,162,4,1,13,0,6,154,4,0,1,46
adsparc.com,1855,0,20,80,0,7,1852,3,0,1,402
adstxtmarket.com,1,0,0,0,0,0,0,1,0,1,0
adswizz.com,1582,372,1267,3,848,374,1199,8,3,2,381
adsyield.com,4,0,0,0,0,0,4,0,0,0,3
adtarget.com.tr,62,0,0,2,0,0,0,62,0,1,0
adtech-digital.com,1188,0,0,1188,0,0,1188,0,0,0,504
adtech.lgads.tv,117,3,3,0,0,0,85,20,9,2,0
adtechfactory.com,5,0,0,0,0,0,1,2,2,2,0
adtelligent.com,225,0,13,31,0,1,90,134,1,2,1
adthink.com,156,0,1,0,0,0,156,0,0,0,0
adtrue.com,29,0,0,0,0,0,22,7,0,1,0
adtycoons.com,1,1,1,0,0,0,0,0,0,0,0
advally.com,299,0,0,2,0,0,299,0,0,0,0
advanttechnology.com,34,0,0,0,0,0,25,9,0,1,1
adverline.com,22,0,0,0,0,0,22,0,0,0,0
adversal.com,338,0,0,2,0,0,338,0,0,0,0
advertising-alliance.de,3,0,0,0,0,0,0,3,0,1,0
adverty.com,40,0,0,0,0,0,40,0,0,0,0
adview.com,220,0,5,2,0,2,216,4,0,1,67
advlion.com,182,0,22,5,0,0,182,0,0,0,0
advrider.com,1,0,0,0,0,0,1,0,0,0,0
adways.com,18,0,0,0,0,0,18,0,0,0,0
adweb.gr,111,0,4,0,0,1,111,0,0,0,2
adwmg.com,1,1,1,0,0,0,0,0,0,0,0
adyoulike.com,2061,0,39,200,4,0,1985,56,20,2,0
adysis.com,16,0,0,0,0,0,13,0,3,1,0
aerserv.com,2988,0,196,27,0,0,2399,589,0,1,0
affidi.com,35,0,1,5,0,0,35,0,0,0,0
affinity.com,560,0,0,41,0,0,559,0,1,1,0
agencyorquidea.com,1,1,1,0,0,0,0,0,0,0,0
agilecontent.com,59,0,0,1,0,0,59,0,0,0,0
air.tv,40,0,0,2,0,0,40,0,0,0,3
aja.vision,277,0,11,0,7,0,260,14,3,2,0
alayans-media.com,18,0,0,0,0,0,18,0,0,0,0
algorix.co,180,0,0,2,0,0,170,0,10,1,4
aller.fi,1,0,0,0,0,0,1,0,0,0,0
allinagency.com,13,0,0,6,0,0,13,0,0,0,0
alpineinteractivegroup.com,12,0,0,0,0,0,11,1,0,1,2
alright.com.br,377,0,0,3,0,0,377,0,0,0,0
altitude-arena.com,230,0,0,3,0,0,168,54,8,2,0
alvinmediagroup.com,1,1,1,0,0,0,0,0,0,0,0
amagi.com,84,0,0,0,0,0,83,1,0,1,0
amazon.com,2013,0,96,66,0,15,1727,180,106,2,107
ambientdigitalgroup.com,2,0,0,0,0,0,0,2,0,1,0
americanhometownmedia.com,74,0,0,0,0,0,73,1,0,1,0
amitydigital.io,98,0,0,0,0,0,52,41,5,2,0
ammadv.it,117,0,0,114,0,0,117,0,0,0,0
ampliffy.com,404,0,34,2,0,0,402,0,2,1,0
amxrtb.com,424,0,2,24,0,2,139,7,278,2,68
andbeyond.media,770,0,1,32,0,0,770,0,0,0,15
andreamedia.com,1,1,1,0,0,0,0,0,0,0,0
aniview.com,700,0,1,297,0,0,546,136,18,2,0
answermedia.com,30,0,0,0,0,0,24,3,3,2,0
anthymtv.com,1,1,1,0,0,0,0,0,0,0,0
anyclip.com,183,0,0,25,0,0,176,6,1,2,6
anymanager.io,850,0,3,289,0,0,850,0,0,0,0
anzu.io,90,0,0,2,0,0,90,0,0,0,0
aol.com,2348,0,5,82,1,0,1519,734,95,2,0
apacdex.com,2063,0,52,14,0,0,2023,40,0,1,0
apester.com,206,0,1,30,0,0,206,0,0,0,0
apnews.com,206,0,1,30,0,0,206,0,0,0,0
app-stock.com,616,1,0,1,0,0,563,52,0,1,0
app.elementaltv.io,75,0,23,0,22,0,62,11,2,2,0
app.orka.tv,63,0,0,0,0,0,59,4,0,1,0
appads.in,283,0,0,9,0,0,181,102,0,1,0
appbroda.com,120,0,0,2,0,0,120,0,0,0,0
applovin.com,1877,0,64,24,0,1,1877,0,0,0,306
appmonet.com,424,0,2,24,0,2,139,7,278,2,68
appnexus.com,1975,0,32,73,19,0,1336,419,220,2,0
appodeal.com,23,0,0,2,0,0,23,0,0,0,0
appush.com,1,1,1,0,0,0,0,0,0,0,0
aps.amazon.com,2013,0,96,66,0,15,1727,180,106,2,107
archonph.com,80,0,0,0,0,0,79,1,0,1,7
arkadium.com,52,0,0,1,0,0,52,0,0,0,1
as.amanad.adtdp.com,277,0,11,0,7,0,260,14,3,2,0
ascendeum.com,138,0,0,0,0,0,137,0,1,1,92
aswellmedia.com,1,1,1,0,0,0,0,0,0,0,0
atedra.com,111,0,0,9,0,0,111,0,0,0,0
atf-actu-asq.fr,1351,0,250,32,0,0,0,0,1351,1,0
atf-automoto-asq.fr,1351,0,250,32,0,0,0,0,1351,1,0
atf-b2b-asq.fr,1351,0,250,32,0,0,0,0,1351,1,0
atf-cuisine-asq.fr,1351,0,250,32,0,0,0,0,1351,1,0
atf-culture-asq.fr,1351,0,250,32,0,0,0,0,1351,1,0
atf-emploi-asq.fr,1351,0,250,32,0,0,0,0,1351,1,0
atf-finance-asq.fr,1351,0,250,32,0,0,0,0,1351,1,0
atf-hightech-asq.fr,1351,0,250,32,0,0,0,0,1351,1,0
atf-immo-asq.fr,1351,0,250,32,0,0,0,0,1351,1,0
atf-jeuxvideo-asq.fr,1351,0,250,32,0,0,0,0,1351,1,0
atf-luxe-asq.fr,1351,0,250,32,0,0,0,0,1351,1,0
atf-modebeaute-asq.fr,1351,0,250,32,0,0,0,0,1351,1,0
atf-musique-asq.fr,1351,0,250,32,0,0,0,0,1351,1,0
atf-people-asq.fr,1351,0,250,32,0,0,0,0,1351,1,0
atf-planete-asq.fr,1351,0,250,32,0,0,0,0,1351,1,0
atf-presse-asq.fr,1351,0,250,32,0,0,0,0,1351,1,0
atf-sante-asq.fr,1351,0,250,32,0,0,0,0,1351,1,0
atf-science-asq.fr,1351,0,250,32,0,0,0,0,1351,1,0
atf-sport-asq.fr,1351,0,250,32,0,0,0,0,1351,1,0
atf-tele-asq.fr,1351,0,250,32,0,0,0,0,1351,1,0
atf-tourisme-asq.fr,1351,0,250,32,0,0,0,0,1351,1,0
atlas5.co,505,0,0,35,0,2,505,0,0,0,19
atunwadigital.com,27,0,0,0,0,0,26,1,0,1,0
audience-square.com,1351,0,250,32,0,0,0,0,1351,1,0
audience-square.fr,1351,0,250,32,0,0,0,0,1351,1,0
audiencerun.com,1011,0,9,851,0,2,1011,0,0,0,635
audiencesquare.com,1351,0,250,32,0,0,0,0,1351,1,0
audiencesquare.fr,1351,0,250,32,0,0,0,0,1351,1,0
audienciad.com,519,0,1,22,0,4,470,20,29,2,294
audienzz.ch,281,0,3,10,0,0,281,0,0,0,0
audiodots.com,1,1,1,0,0,0,0,0,0,0,0
audiology.media,240,0,16,2,0,1,228,7,5,2,7
automatad.com,1175,0,20,113,0,0,1175,0,0,0,0
automattic.com,268496,0,45,0,0,0,268496,0,0,0,0
auxoads.com,1987,0,6,43,0,7,1987,0,0,0,1505
avantisvideo.com,1217,0,9,35,0,0,1154,53,10,2,48
axiommedia.co,1,1,1,0,0,0,0,0,0,0,0
axonix.com,52,0,2,1,0,0,26,25,1,2,0
ayetstudios.com,51,0,0,25,0,0,51,0,0,0,0
azafran.agency,18,0,0,0,0,0,18,0,0,0,0
azurebid.com,4,0,0,0,0,0,4,0,0,0,0
balloonlabs.ai,26,0,0,0,0,0,20,6,0,1,0
bandsintown.com,144,0,0,13,0,0,144,0,0,0,0
bat-ads.com,63,0,0,0,0,0,0,63,0,1,0
bcn.burda.de,5,0,0,0,0,0,1,2,2,2,0
beachfront.com,316,0,3,10,2,0,253,52,11,2,0
beachfrontmedia.com,316,0,3,10,2,0,253,52,11,2,0
beapup.com,101,0,1,1,0,0,98,3,0,1,0
beintoo.com,17,0,0,0,0,0,11,3,3,2,0
beop.io,917,917,0,31,0,0,0,0,0,0,0
betweendigital.com,463,0,213,2,0,0,266,182,15,2,0
bidgear.com,1850,0,1,10,0,3,1850,0,0,0,828
bidio.pl,14,0,0,1,0,0,14,0,0,0,0
bidmachine.io,400,0,0,6,0,0,357,41,2,2,0
bidstack.com,113,0,29,1,27,0,113,0,0,0,0
bidstreammedia.com,72,0,0,12,0,0,52,1,19,2,1
bidsxchange.com,319,0,1,10,0,0,304,15,0,1,85
bigbangnews.com,1,0,0,0,0,0,1,0,0,0,0
bigo.sg,237,0,2,5,0,51,237,0,0,0,65
blavity.com,16,5,0,0,0,0,0,11,0,1,15
bliink.io,81,0,0,0,0,0,81,0,0,0,0
blis.com,7,0,0,0,0,0,0,7,0,1,0
blockthrough.com,35,0,0,0,0,0,16,16,3,2,0
bluecarbonconsulting.com,1,1,1,0,0,0,0,0,0,0,0
bluestack.la,1,1,1,0,0,0,0,0,0,0,0
boardreader.com,1,0,0,0,0,0,1,0,0,0,0
bold-win.com,89,0,1,71,0,0,77,9,3,2,4
bonniernews.se,29,0,1,0,0,1,29,0,0,0,1
boostappi.com,96,0,0,2,0,0,96,0,0,0,0
boosters.es,1,1,1,0,0,0,0,0,0,0,0
brand-community-network.de,5,0,0,0,0,0,1,2,2,2,0
breaktime.com.tw,305,0,0,1,0,0,305,0,0,0,35
brealtime.com,305,0,0,1,0,0,305,0,0,0,35
brid.tv,221,0,6,12,5,0,194,27,0,1,0
brightcom.com,566,0,1,23,0,6,509,32,25,2,312
brightmountainmedia.com,37,0,0,2,0,0,26,9,2,2,0
brius.com.br,16,0,0,0,0,0,15,1,0,1,0
bruleepublishing.com,4,0,0,0,0,0,4,0,0,0,0
btf-actu-asq.fr,1351,0,250,32,0,0,0,0,1351,1,0
btf-auto-asq.fr,1351,0,250,32,0,0,0,0,1351,1,0
btf-automoto-asq.fr,1351,0,250,32,0,0,0,0,1351,1,0
btf-b2b-asq.fr,1351,0,250,32,0,0,0,0,1351,1,0
btf-cuisine-asq.fr,1351,0,250,32,0,0,0,0,1351,1,0
btf-culture-asq.fr,1351,0,250,32,0,0,0,0,1351,1,0
btf-emploi-asq.fr,1351,0,250,32,0,0,0,0,1351,1,0
btf-finance-asq.fr,1351,0,250,32,0,0,0,0,1351,1,0
btf-immo-asq.fr,1351,0,250,32,0,0,0,0,1351,1,0
btf-jeuxvideo-asq.fr,1351,0,250,32,0,0,0,0,1351,1,0
btf-luxe-asq.fr,1351,0,250,32,0,0,0,0,1351,1,0
btf-modebeaute-asq.fr,1351,0,250,32,0,0,0,0,1351,1,0
btf-musique-asq.fr,1351,0,250,32,0,0,0,0,1351,1,0
btf-people-asq.fr,1351,0,250,32,0,0,0,0,1351,1,0
btf-planete-asq.fr,1351,0,250,32,0,0,0,0,1351,1,0
btf-presse-asq.fr,1351,0,250,32,0,0,0,0,1351,1,0
btf-sante-asq.fr,1351,0,250,32,0,0,0,0,1351,1,0
btf-science-asq.fr,1351,0,250,32,0,0,0,0,1351,1,0
btf-sport-asq.fr,1351,0,250,32,0,0,0,0,1351,1,0
btf-tele-asq.fr,1351,0,250,32,0,0,0,0,1351,1,0
btf-tourisme-asq.fr,1351,0,250,32,0,0,0,0,1351,1,0
businessad.de,95,0,95,0,95,0,95,0,0,0,0
buysellads.com,578,0,8,148,0,0,578,0,0,0,0
buzzfeed.com,37,0,0,1,0,0,37,0,0,0,9
cafemedia.com,7566,0,0,55,0,0,7566,0,0,0,0
calipso.co,2,0,0,0,0,0,2,0,0,0,0
can-digital.net,404,0,15,2,0,0,404,0,0,0,0
carambo.la,1765,16,12,68,0,0,1292,366,91,2,1170
carambola.com,1765,16,12,68,0,0,1292,366,91,2,1170
carbonatix.com,1,1,1,0,0,0,0,0,0,0,0
catapultx.com,157,0,0,2,0,0,135,16,6,2,0
cauly.net,7700,0,7700,0,7700,0,7700,0,0,0,0
cavixo.com,32,0,0,29,0,0,32,0,0,0,0
cazamba.com,1761,0,323,13,0,0,1761,0,0,0,0
cci.co.jp,92,0,92,0,92,0,92,0,0,0,0
cdn.tvp.tv,112,0,0,3,0,0,100,9,3,2,0
cdn4.buysellads.net,578,0,8,148,0,0,578,0,0,0,0
cedato.com,549,0,0,59,0,7,546,3,0,1,280
chartboost.com,870,0,165,13,0,0,865,4,1,2,0
chocolateplatform.com,872,0,1,56,0,0,44,819,9,2,0
cignal.io,55,0,0,1,0,0,51,4,0,1,0
cleanmedia.net,268,0,0,15,0,0,268,0,0,0,0
click-performance.com,19,0,0,3,0,0,19,0,0,0,1
clickio.com,370,0,0,183,0,0,370,0,0,0,0
client.longitudeads.com,70,0,0,3,0,2,70,0,0,0,2
cloudmc.us,49,0,0,0,0,0,48,1,0,1,0
cloudmcapp.com,49,0,0,0,0,0,48,1,0,1,0
colortv.io,334,0,0,29,0,0,330,4,0,1,0
column6.tv,230,0,0,3,0,0,168,54,8,2,0
commonmedia.de,31,0,0,0,0,0,30,0,1,1,0
communityhired.com,17,0,0,0,0,0,14,0,3,1,0
concept.dk,2005,0,2004,0,2005,1,2004,1,0,1,2
conceptdk.netlify.app,2005,0,2004,0,2005,1,2004,1,0,1,2
concert.io,55,0,0,0,0,0,51,1,3,2,1
condenast.com,5,0,0,0,1,0,5,0,0,0,0
config.playwire.com,1391,0,3,67,0,0,1391,0,0,0,0
connatix.com,573,0,0,16,0,0,527,46,0,1,1
connectad.io,5757,0,1282,4,866,0,559,5067,131,2,0
connekt.ai,58,0,0,1,0,0,32,26,0,1,0
contentexchange.me,212,0,189,2,189,0,212,0,0,0,0
contentignite.com,886,0,63,827,0,0,886,0,0,0,0
contentiq.com,19,0,0,0,0,0,3,0,16,1,0
contextweb.com,243,0,0,11,0,0,152,87,4,2,0
converge-digital.com,102,0,0,0,0,0,102,0,0,0,36
conversantmedia.com,932,0,5,82,0,0,667,162,103,2,0
conversies-up.nl,70,0,0,70,0,0,70,0,0,0,0
corusent.com,2,0,0,0,0,0,2,0,0,0,0
cpex.cz,28,0,0,2,0,0,27,0,1,1,0
cpmstar.com,826,0,1,51,0,8,611,215,0,1,549
crackle.com,1,1,1,0,0,0,0,0,0,0,0
criteo.com,848,0,0,27,8,0,515,251,82,2,0
ctvbuyer.com,67,0,0,1,0,0,67,0,0,0,1
ctvx.tv,67,0,0,1,0,0,67,0,0,0,1
ctwant.com,3,0,0,0,0,0,2,0,1,1,0
cue7ven.bidscube.com,17,0,17,0,17,0,17,0,0,0,0
cultureg.eu,1,1,1,0,0,0,0,0,0,0,0
d-sail.com,320,0,1,306,0,0,320,0,0,0,7
dable.io,9082,0,52,463,0,0,4895,4187,0,1,0
dad2u.com,18,0,0,17,0,0,0,1,17,2,0
daily.it,11,0,0,0,0,0,10,1,0,1,0
dailymail.co.uk,1,0,0,0,0,0,1,0,0,0,0
datablocks.net,53,0,8,1,0,0,53,0,0,0,0
datawrkz.com,619,0,5,4,0,0,616,0,3,1,71
dazn.com,979,0,0,20,0,0,979,0,0,0,742
decamedia.group,33,0,1,0,0,0,0,33,0,1,0
decide.co,323,0,1,9,0,0,270,39,14,2,0
deliverymedia.es,1,1,1,0,0,0,0,0,0,0,0
denakop.com,993,0,0,29,0,0,993,0,0,0,511
dev2pub.com,42,0,0,1,0,0,41,1,0,1,0
dexerto.com,2,0,0,0,0,0,2,0,0,0,0
diariodelweb.it,20,0,20,0,20,0,20,0,0,0,0
diariodelwebsrl.it,74,0,0,6,0,0,74,0,0,0,0
didna.io,1700,0,10,51,0,0,1691,5,4,2,3
digidesk-media.com,34,0,0,1,0,0,24,9,1,2,0
digimedllc.com,106,0,3,8,3,0,76,29,1,2,0
digitalbloom.it,99,0,0,51,0,0,89,0,10,1,0
digitalgreen.es,810,0,1,16,0,0,810,0,0,0,311
digitalinnovationgroup.com,22,0,0,0,0,0,20,2,0,1,0
digitalmatter.ai,255,0,255,0,255,0,255,0,0,0,0
digiteka.com,5857,0,345,1209,0,3,5857,0,0,0,3
display.io,51,0,2,0,0,0,51,0,0,0,0
disqus.com,3694,0,3,5,0,0,3691,1,2,2,0
districtm.io,861,0,0,36,0,1,730,114,17,2,2
distroscale.com,497,0,0,24,0,0,497,0,0,0,0
divisiond.com,34,0,0,2,0,0,34,0,0,0,0
dmri.co.uk,1,0,0,0,0,0,1,0,0,0,0
dms-cg.com,32,0,0,0,0,0,32,0,0,0,14
dpgmedia.nl,3,0,0,0,0,0,3,0,0,0,1
dragon-advertising.com,67,0,46,4,46,1,0,67,0,1,2
durationmedia.net,391,0,2,11,0,2,342,23,26,2,12
dynadmic.com,21,0,0,0,0,0,0,21,0,1,0
dyntrk.com,21,0,0,0,0,0,0,21,0,1,0
e-novative.dk,2,0,2,0,2,0,1,1,0,1,0
e-planning.net,633,0,0,13,0,3,453,177,3,2,3
e-volution.ai,200,0,6,18,6,0,142,41,17,2,0
eadv.it,695,0,695,0,695,0,695,0,0,0,0
ebx.tv,5,0,0,0,0,0,5,0,0,0,0
edgeinitiative.com,19,0,0,18,0,0,3,0,16,1,0
ednplus.com,100,0,0,0,0,0,100,0,0,0,0
efalmedia.com,225,0,0,163,0,0,175,30,20,2,0
eficazmarketing.com,19,0,0,0,0,0,19,0,0,0,4
egami.tv,124,0,0,6,0,0,124,0,0,0,0
ehealthcaresolutions.com,49,0,0,49,0,0,49,0,0,0,0
elementaltv.com,75,0,23,0,22,0,62,11,2,2,0
elixirholdinginc.com,528,0,0,5,0,0,528,0,0,0,0
elixirvideo.co,569,1,0,7,0,0,567,1,0,1,1
embi-media.com,104,0,0,1,0,0,103,1,0,1,0
emoona.co,1,1,1,0,0,0,0,0,0,0,0
empower.net,22,0,0,0,0,0,22,0,0,0,1
empowerlocal.com,226,0,0,3,0,0,224,0,2,1,0
emxdgt.com,633,0,0,13,0,3,453,177,3,2,3
en.softonic.com,25,0,0,0,0,0,25,0,0,0,0
engagebdr.com,236,0,0,17,0,0,236,0,0,0,0
engageya.com,132,1,1,2,0,1,131,0,0,0,5
eniro.dk,27,0,0,2,0,0,27,0,0,0,16
eniro.se,1,0,0,0,0,0,0,0,1,1,0
enthusiastgaming.com,77,0,1,15,0,0,77,0,0,0,0
entravision.com,220,0,4,6,0,2,198,22,0,1,2
epom.com,563,0,49,24,0,68,563,0,0,0,558
erelego.com,1,1,1,0,0,0,0,0,0,0,0
eskimi.com,159,0,159,0,159,20,152,0,7,1,20
esmg.se,8,0,0,2,0,0,8,0,0,0,0
etarget.sk,376,0,1,9,0,0,375,1,0,1,0
etermax.com,4,0,0,0,0,0,2,2,0,1,0
eu.dynadmic.com,21,0,0,0,0,0,0,21,0,1,0
evolution-adv.it,486,0,0,486,0,0,486,0,0,0,231
evolutionadv.it,486,0,0,486,0,0,486,0,0,0,231
ex.co,824,0,1,94,0,1,800,16,8,2,2
excellenceadvertising.com,31,0,0,0,0,0,26,5,0,1,0
exelbid.com,130,0,2,1,0,0,97,33,0,1,0
exmarketplace.com,595,0,368,9,368,0,595,0,0,0,0
exorigos.com,12,0,0,0,0,0,12,0,0,0,0
explorads.com,19,0,0,0,0,0,3,16,0,1,0
explorads.media,19,0,0,0,0,0,3,16,0,1,0
eyepopperdigital.com,1,1,1,0,0,0,0,0,0,0,0
ezmob.com,122,0,0,2,0,0,0,122,0,1,0
ezoic.ai,48069,0,37413,1162,0,0,48069,0,0,0,0
ezoic.co.uk,2224,0,1163,0,0,0,2224,0,0,0,0
fabrik.com,1,1,1,0,0,0,0,0,0,0,0
factor-eleven.de,17,0,0,0,0,0,9,4,4,2,0
famobi.com,29,0,0,0,0,0,29,0,0,0,0
fatchillimedia.com,306,0,0,230,0,0,306,0,0,0,145
favish.com,6,0,0,0,0,0,6,0,0,0,0
feedad.com,29,0,0,3,0,0,25,0,4,1,0
feeltapmedia.com,4,0,0,0,0,0,4,0,0,0,0
felixads.com,79,0,0,0,0,0,42,36,1,2,6
filmzie.com,40,0,0,1,0,0,39,1,0,1,6
fireflyengagement.com,11,0,0,0,0,0,11,0,0,0,0
firstimpression.io,324,0,42,2,14,0,311,13,0,1,5
flashb.id,37,0,0,0,0,0,37,0,0,0,0
flat-ads.com,30,0,0,6,0,0,30,0,0,0,5
flower-ads.com,8,0,0,0,0,0,8,0,0,0,0
fluiddo.com,1,1,1,0,0,0,0,0,0,0,0
flux-g.com,1103,0,0,292,0,0,523,575,5,2,257
flux.jp,1228,573,1,329,0,88,655,0,0,0,420
fmlabsonline.com,67,0,46,4,46,1,0,67,0,1,2
footballco.com,187,0,0,6,0,0,187,0,0,0,0
footer-musique-asq.fr,1351,0,250,32,0,0,0,0,1351,1,0
footer-sport-asq.fr,1351,0,250,32,0,0,0,0,1351,1,0
footylight.com,43,0,0,7,0,0,43,0,0,0,0
forebase.com,13,0,12,0,0,0,13,0,0,0,0
fourm.jp,604,0,0,8,0,0,604,0,0,0,0
fourthdimentionconsulting.com,637,0,0,2,0,1,583,54,0,1,7
fout.jp,336,0,5,9,0,0,310,25,1,2,0
foxtelmedia.com.au,7,3,3,0,0,2,4,0,0,0,2
frameplay.gg,69,0,69,0,0,0,69,0,0,0,0
francetvpub.fr,6,0,0,1,0,0,6,0,0,0,0
freegames66.com,1895,0,4,13,0,0,1860,35,0,1,0
freestar.com,781,0,2,42,0,0,781,0,0,0,0
freestar.io,781,0,2,42,0,0,781,0,0,0,0
freewheel.com,5665,0,0,27,0,0,3104,2332,229,2,3
freewheel.tv,5665,0,0,27,0,0,3104,2332,229,2,3
fueldigitalmedia.com,460,0,2,2,2,0,2,458,0,1,389
fusedg.com,52,0,0,0,0,0,46,3,3,2,0
futureplc.com,14,0,0,14,0,0,14,0,0,0,0
fyber.com,1793,0,0,18,0,0,1793,0,0,0,0
gadsme.com,40,0,0,0,0,0,40,0,0,0,0
gaffmedia.com,26,0,0,0,0,0,22,0,4,1,25
galaxiemedia.fr,8,0,0,0,0,0,7,1,0,1,0
galore.com.es,97,0,0,38,0,0,82,13,2,2,0
gameadzone.com,1007,0,1,1,0,36,1007,0,0,0,776
gameloft.com,9,0,0,0,0,0,8,0,1,1,0
gammassp.com,716,0,10,18,0,0,691,25,0,1,0
gamob.com,276,0,276,0,0,0,276,0,0,0,0
gamoshi.com,146,0,0,3,0,0,133,9,4,2,0
gamoshi.io,146,0,0,3,0,0,133,9,4,2,0
gannett.com,87,0,0,0,0,0,87,0,0,0,0
gazeta.pl,52,0,0,52,0,0,52,0,0,0,0
gb-next.ch,105,0,0,14,0,0,105,0,0,0,0
gecko.me,1,1,1,0,0,0,0,0,0,0,0
gemius.com,27,0,0,1,0,0,27,0,0,0,0
gemius.ro,27,0,0,1,0,0,27,0,0,0,0
genieegroup.com,391,0,391,21,0,0,391,0,0,0,1
genieesspv.jp,37014,0,26610,318,26529,0,37014,0,0,0,780
getmediamx.com,520,0,1,22,0,3,470,20,30,2,275
gingerad.com,163,0,0,163,0,0,8,155,0,1,0
gitberry.com,130,10,17,6,16,0,92,21,7,2,0
glewed.tv,1,1,1,0,0,0,0,0,0,0,0
gliacloud.com,458,0,2,1,0,0,458,0,0,0,0
glomex.com,448,0,290,21,288,0,448,0,0,0,0
go.saambaa.com,695,0,3,42,0,3,688,3,4,2,4
goldbach-germany.de,1,1,1,0,0,0,0,0,0,0,0
good.ad,178,0,0,178,0,0,16,162,0,1,0
goodmove.media,425,0,0,424,0,0,7,418,0,1,0
google.com,1289168,7,1147859,1603,989676,6,1288667,0,494,1,6
gotchosen.com,60,0,0,5,0,0,60,0,0,0,0
gothamads.com,167,0,4,6,4,0,124,33,10,2,80
gourmetads.com,1321,0,0,0,0,0,1321,0,0,0,3
gowithmedia.com,1,1,1,0,0,0,0,0,0,0,0
greedygame.com,735,2,2,7,0,0,559,174,0,1,6
groundtruth.com,25,0,0,0,0,0,15,10,0,1,0
groupm.com,107,0,0,2,0,0,63,34,10,2,0
grumft.com,835,0,2,3,0,25,0,0,835,1,685
grv.media,30,0,3,0,0,0,30,0,0,0,0
grvmedia.com,30,0,3,0,0,0,30,0,0,0,0
gtopala.com,1,0,0,0,0,0,1,0,0,0,0
gulesider.no,4,0,0,3,0,0,4,0,0,0,2
gumgum.com,1104,0,0,189,0,0,814,222,68,2,0
gutefrage.net,52,0,0,5,0,1,27,25,0,1,1
haberturk.com,3,0,0,0,0,0,3,0,0,0,0
hashtag-labs.com,252,0,0,1,0,0,249,3,0,1,1
hb.vntsm.com,1808,0,0,774,0,0,1808,0,0,0,0
hbagency.it,1250,0,27,252,0,0,1249,0,1,1,0
hcodemedia.com,468,0,0,9,0,0,452,11,5,2,0
headerbidding.agency,1250,0,27,252,0,0,1249,0,1,1,0
headerbiddr.com,54,1,0,2,0,0,52,1,0,1,10
headerlift.com,15142,0,11322,739,19,0,15100,4,38,2,0
headtopics.com,1,0,0,1,0,0,1,0,0,0,0
helpster.de,52,0,0,5,0,1,27,25,0,1,1
heymatic.com,9,0,0,0,0,0,8,0,1,1,0
hicmobile.com,1,1,1,0,0,0,0,0,0,0,0
highfivve.com,80,0,0,7,0,1,56,24,0,1,19
hindsightsolutions.net,55,0,0,2,0,0,55,0,0,0,11
hispanicexchange.com,1,0,0,0,0,0,1,0,0,0,0
hitapps.com,23,0,0,1,0,0,0,23,0,1,0
hitopic.fr,586,0,586,0,586,0,586,0,0,0,0
holid.io,258,0,258,0,258,0,258,0,0,0,0
hoopladigital.co.uk,166,0,0,1,0,0,105,0,61,1,3
hoppex.hu,7,0,0,0,0,0,6,0,1,1,0
houseofpubs.com,431,0,0,431,0,0,430,1,0,1,0
hubvisor.io,22,0,0,2,0,0,22,0,0,0,1
huvleview.com,43,0,0,0,0,0,43,0,0,0,0
hyperad.tech,5,0,0,0,0,0,0,5,0,1,0
i-mobile.co.jp,1487,0,1487,0,1487,0,1487,0,0,0,0
iab.sharethrough.com,1564,0,0,62,0,0,940,580,44,2,0
idmgroup.com,29,0,0,2,0,0,25,4,0,1,3
idmnet.pl,88,0,0,0,4,0,88,0,0,0,0
ikreate.es,106,0,2,14,0,0,106,0,0,0,0
imds.tv,151,0,0,4,0,0,96,41,14,2,0
imediaaudiences.com,446,0,0,11,0,0,443,3,0,1,0
imgn.media,10,0,0,0,0,0,10,0,0,0,0
imonomy.com,3285,1,1528,0,0,0,3284,0,0,0,0
impact-ad.jp,1162,0,1,2,0,0,1068,85,9,2,0
impactify.io,1239,0,0,22,0,0,1181,46,12,2,0
imperiaweb.net,13,0,0,0,0,0,13,0,0,0,0
impressionmedia.cz,1,1,1,0,0,0,0,0,0,0,0
improvedigital.com,822,0,21,21,0,0,181,540,101,2,0
improvemedia.fi,66,0,1,4,0,0,66,0,0,0,0
incrementx.com,59,0,0,1,0,0,59,0,0,0,0
indamediasales.hu,3,0,0,3,0,0,3,0,0,0,0
indexexchange.com,4014,0,5,139,0,0,1446,2352,216,2,0
infinety.hu,144,0,144,0,144,0,144,0,0,0,0
infolinks.com,1927,0,0,225,0,0,1886,33,8,2,0
inkmantra.com,1,1,1,0,0,0,0,0,0,0,0
inmobi.com,2988,0,196,27,0,0,2399,589,0,1,0
innity.com,425,0,6,7,0,0,425,0,0,0,0
innovamedia.it,1,0,0,1,0,0,1,0,0,0,0
inskinmedia.com,348,1,1,12,0,0,337,2,8,2,0
instal.com,5441,0,36,112,0,3,5441,0,0,0,6
insticator.com,493,0,0,63,0,0,483,6,4,2,0
interdogmedia.com,2064,0,52,14,0,0,2024,40,0,1,0
interplaymedia.com.au,18,0,0,1,0,0,18,0,0,0,8
interworksmedia.co.kr,373,0,0,0,0,2,373,0,0,0,48
investingchannel.com,72,0,0,2,0,0,71,0,1,1,0
invidi.com,5,0,0,0,0,0,5,0,0,0,0
ionedigital.com,15,0,0,0,0,0,0,0,15,1,6
ionvogroup.com,431,0,0,431,0,0,430,1,0,1,0
iprom.net,59,1,2,4,0,2,38,20,0,1,3
iprom.si,59,1,2,4,0,2,38,20,0,1,3
iqzone.com,98,0,0,3,0,0,66,32,0,1,2
ironsrc.com,1715,0,2,13,0,0,1714,1,0,1,0
irv.si,260,0,53,15,53,0,260,0,0,0,0
isearch-net.com,49,0,0,0,0,1,49,0,0,0,5
italiaonline.it,65,0,0,3,0,0,35,30,0,1,15
itn-digital.com,20,0,0,0,0,0,20,0,0,0,0
ivideosmart.com,539,0,10,129,0,0,539,0,0,0,0
ivs.tv,539,0,10,129,0,0,539,0,0,0,0
jambojar.com,18,0,0,0,0,0,18,0,0,0,0
jbpress.co.jp,1,1,1,0,0,0,0,0,0,0,0
jfacassoc.com,1,1,1,0,0,0,0,0,0,0,0
joinads.me,1456,0,0,0,0,1,1456,0,0,0,413
juicebarads.com,102,0,0,1,0,0,102,0,0,0,19
jungleads.it,1,1,1,0,0,0,0,0,0,0,0
jungroup.com,129,0,0,3,0,0,129,0,0,0,0
junnovate.com,751,0,751,1,0,0,751,0,0,0,0
justpremium.com,1302,0,2,66,0,0,1124,141,37,2,0
jwplayer.com,104,0,0,3,0,2,58,45,1,2,5
kaiostech.com,889,0,815,9,0,0,889,0,0,0,0
kargo.com,171,0,0,2,0,0,154,17,0,1,6
keenkale.com,1,1,1,0,0,0,0,0,0,0,0
keymobile.se,39,0,1,1,1,0,30,7,2,2,0
kidoz.net,269,269,1,3,0,0,0,0,0,0,0
kiosked.com,1071,0,933,65,2,0,1071,0,0,0,0
krak.dk,27,0,0,2,0,0,27,0,0,0,16
krushmedia.com,105,0,3,8,3,0,76,28,1,2,0
kubient.com,79,0,0,5,0,0,56,19,4,2,0
kueez.com,30,0,0,0,0,2,29,0,1,1,2
laplacemedia.com,1351,0,250,32,0,0,0,0,1351,1,0
laprensagrafica.com,1,1,1,0,0,0,0,0,0,0,0
latinon.com,467,0,0,64,0,0,467,0,0,0,0
latinon.us,467,0,0,64,0,0,467,0,0,0,0
lavadigital.net,20,0,0,0,0,0,20,0,0,0,0
leeads.com,96,0,0,3,0,0,96,0,0,0,0
legacy.com,40,0,0,0,0,0,40,0,0,0,0
lemmatechnologies.com,731,0,12,7,11,14,689,17,25,2,14
lens.oko.uk,160,0,18,7,0,1,159,1,0,1,1
lgads.tv,117,3,3,0,0,0,85,20,9,2,0
lifestreet.com,135,0,26,10,0,0,135,0,0,0,0
lifestreetmedia.com,135,0,26,10,0,0,135,0,0,0,0
lijit.com,6313,0,12,1015,0,0,4851,1398,64,2,0
limpid.tv,221,0,0,218,0,3,218,3,0,1,127
linkfire.com,42,0,2,0,0,0,42,0,0,0,0
linknexus.co.uk,6,0,0,0,0,0,6,0,0,0,4
liqwid.com,230,0,0,2,0,3,230,0,0,0,178
liveintent.com,4774,0,0,62,0,0,2387,2387,0,1,0
lkqd.com,556,0,1,12,0,0,455,95,6,2,0
lkqd.net,556,0,1,12,0,0,455,95,6,2,0
logan.ai,17,0,0,1,0,0,0,17,0,1,0
longitudeads.com,70,0,0,3,0,2,70,0,0,0,2
loopme.com,96,0,0,2,0,0,48,48,0,1,0
ludus.vc,8,0,0,0,0,0,8,0,0,0,0
lunamedia.io,120,0,0,4,0,0,102,18,0,1,4
luponmedia.com,1027,0,6,996,0,0,1027,0,0,0,11
m32.media,146,0,0,5,0,0,146,0,0,0,0
m32connect.com,146,0,0,5,0,0,146,0,0,0,0
madvertise.com,1097,1,0,59,0,0,1046,37,13,2,0
makroo.com,33,0,0,0,0,0,33,0,0,0,2
manatee.dk,365,0,365,0,365,0,365,0,0,0,0
manatee.io,365,0,365,0,365,0,365,0,0,0,0
mangomediaads.com,1,0,0,0,0,0,1,0,0,0,0
manzoniadvertising.com,16,0,0,1,0,0,16,0,0,0,0
marfeel.com,495,0,3,216,0,0,495,0,0,0,0
markappmedia.site,1,1,1,0,0,0,0,0,0,0,0
mars-technologies.com,217,0,6,8,0,0,108,77,32,2,0
mars.media,217,0,6,8,0,0,108,77,32,2,0
mars.video,217,0,6,8,0,0,108,77,32,2,0
marsnative.com,217,0,6,8,0,0,108,77,32,2,0
mascomunicacion.com.mx,72,0,1,0,0,0,72,0,0,0,0
masmediosdigital.cl,80,0,0,0,0,0,0,80,0,1,1
massarius.com,134,0,5,4,0,0,134,0,0,0,61
maxetise.se,21,0,21,0,21,0,21,0,0,0,0
mcanvas.com,560,0,0,41,0,0,559,0,1,1,0
mcn.com.au,7,3,3,0,0,2,4,0,0,0,2
mcontigo.com,1,1,1,0,0,0,0,0,0,0,0
media.net,3239,0,48,111,0,0,817,2388,34,2,0
media16.tv,17,0,0,1,0,0,17,0,0,0,0
mediadesk.al,1,1,1,0,0,0,0,0,0,0,0
mediafuse.com,557,0,0,5,0,0,455,79,23,2,125
mediagroupdenmark.dk,7,0,4,1,4,0,7,0,0,0,0
mediaimpact.de,11,0,0,2,0,0,11,0,0,0,0
mediajel.com,1,0,0,1,0,0,1,0,0,0,0
mediaset.es,1,0,0,0,0,0,1,0,0,0,0
mediasquare.fr,1351,0,250,32,0,0,0,0,1351,1,0
mediastre.am,47,0,1,47,0,0,47,0,0,0,0
mediatradecraft.com,11,0,0,0,0,0,11,0,0,0,0
mediaverse.ai,93,0,2,4,0,0,76,17,0,1,0
mediavine.com,7874,0,2,57,0,0,7874,0,0,0,0
mediosfederales.com,35,0,0,35,0,0,35,0,0,0,0
medyanet.com.tr,11,0,0,0,0,0,11,0,0,0,0
medyanetbrandstudio.com,11,0,0,0,0,0,11,0,0,0,0
meitu.com,63,0,0,1,0,0,47,16,0,1,0
metaxsoft.com,116,0,9,0,7,0,62,53,1,2,0
mgdk.dk,7,0,4,1,4,0,7,0,0,0,0
mgid.com,3517,0,4,2504,0,0,3517,0,0,0,1626
microad.co.jp,1854,0,390,30,81,0,1764,75,15,2,0
mintegral.com,7823,0,6,100,0,108,7810,13,0,1,6146
minute.ly,39,0,0,0,0,0,39,0,0,0,0
minutemedia.com,327,0,1,8,0,0,271,48,8,2,2
missena.com,1,1,1,0,0,0,0,0,0,0,0
mmedia.nl,49,0,0,7,0,0,49,0,0,0,0
mmpww.com,910,0,21,33,0,0,910,0,0,0,0
mobcomedia.com,58,0,0,0,0,1,43,15,0,1,1
mobileapplied.com,34,0,0,0,0,0,27,7,0,1,0
mobilefuse.com,157,0,1,4,0,0,144,13,0,1,0
mobimight.com,585,0,0,7,0,0,584,1,0,1,1
momagic.com,1,1,1,0,0,0,0,0,0,0,0
monetizemore.com,7157,0,124,5939,0,42,7157,0,0,0,1709
moneytag.fr,325,0,0,325,0,0,325,0,0,0,0
monumetric.com,1428,0,0,8,0,0,1428,0,0,0,1
movingup.it,159,0,0,0,0,0,159,0,0,0,0
mowplayer.com,661,0,5,48,0,1,661,0,0,0,250
mpwdigital.com,71,0,0,0,0,0,69,0,2,1,0
mso-digital.de,216,0,1,13,0,0,216,0,0,0,0
mustang.cloud,7,0,0,0,0,0,0,7,0,1,1
my-cast.tv,37,0,0,14,0,2,37,0,0,0,7
nativery.com,361,0,242,7,242,0,351,7,3,2,0
nativo.com,629,0,28,20,0,0,628,1,0,1,0
nativo.net,629,0,28,20,0,0,628,1,0,1,0
navionetworks.com,49,0,0,0,0,0,35,6,8,2,3
nedmedia.io,74,0,0,0,0,0,73,0,1,1,73
neoseeker.com,1,0,0,0,0,0,1,0,0,0,0
netaddiction.it,50,0,0,45,0,0,50,0,0,0,0
netlink.vn,254,254,16,137,0,0,0,0,0,0,0
netmediaclick.it,12,0,0,0,0,0,4,8,0,1,0
netpoint-media.de,322,0,322,0,0,0,322,0,0,0,0
netricsales.com,107,0,35,6,0,0,70,29,8,2,0
network-n.com,228,0,1,14,0,0,228,0,0,0,36
networkad.net,4,0,0,1,0,0,4,0,0,0,0
newarena.com,1,0,1,0,1,0,1,0,0,0,0
newdreamglobal.com,62,0,0,6,0,0,62,0,0,0,0
newixmedia.com,1,1,1,0,0,0,0,0,0,0,0
newormedia.com,1486,0,1,9,0,0,1486,0,0,0,122
newsusadigital.com,31,0,0,0,0,0,22,9,0,1,1
newsy.com,15,0,0,0,0,0,15,0,0,0,0
nexads.io,2,0,0,2,0,0,2,0,0,0,0
next14.com,48,0,0,2,0,0,33,14,1,2,0
nextday.media,39,0,0,30,0,0,39,0,0,0,0
nextmillennium.io,1574,0,2,248,0,0,1574,0,0,0,1250
nextpaper.co.kr,181,0,0,1,0,1,180,1,0,1,30
nglcollective.com,187,2,1,5,0,0,173,12,0,1,0
nglmedia.com,187,2,1,5,0,0,173,12,0,1,0
nitropay.com,588,0,0,22,0,0,588,0,0,0,0
nkmc.com.vn,1,1,1,0,0,0,0,0,0,0,0
nobeta.com.br,1616,0,1,7,0,0,1616,0,0,0,336
nobid.io,478,0,5,16,0,0,213,140,125,2,0
notsy.io,49,0,0,1,0,0,48,1,0,1,0
novoroll.com,298,0,1,199,0,0,253,32,13,2,0
obox.group,47,0,0,1,0,0,47,0,0,0,0
oboxmedia.com,47,0,0,1,0,0,47,0,0,0,0
ocelot.studio,14,0,0,0,0,0,14,0,0,0,0
odeeo.io,50,0,46,0,46,0,50,0,0,0,0
ogury.co,615,0,40,18,0,1,556,56,3,2,7
ogury.com,615,0,40,18,0,1,556,56,3,2,7
oko.uk,493,0,0,63,0,0,483,6,4,2,0
olaex.biz,137,0,132,0,129,0,120,11,6,2,0
omnifytv.com,1,1,1,0,0,0,0,0,0,0,0
omnijay.com,76,0,0,4,0,0,29,41,6,2,0
onairglobal.com,50,0,0,49,0,0,3,47,0,1,2
onefootball.com,113,0,1,3,0,0,113,0,0,0,0
onetag.com,1940,0,696,2,2,0,1056,862,22,2,0
onomagic.com,516,0,1,22,0,5,467,20,29,2,289
oovvuu.com,129,0,0,1,0,1,127,2,0,1,4
openhost.es,184,0,0,1,0,5,4,180,0,1,6
openx.com,8002,0,0,190,0,0,2170,5248,584,2,0
opera.com,74,0,0,2,0,0,15,59,0,1,0
opinary.com,51,0,0,9,0,0,51,0,0,0,3
optad360.com,1585,0,304,1285,0,0,1585,0,0,0,0
optidigital.com,282,0,2,275,2,0,282,0,0,0,0
optidigital.fr,282,0,2,275,2,0,282,0,0,0,0
optimanetwork.com,294,0,0,8,0,0,294,0,0,0,0
ora.tv,156,0,0,0,0,0,156,0,0,0,0
orange.fr,3,0,0,0,0,0,3,0,0,0,0
orangeclickmedia.com,334,0,0,10,0,0,321,0,13,1,0
organic.ly,35,0,0,0,0,0,35,0,0,0,0
originmedia.tv,29,0,0,0,0,0,29,0,0,0,4
orka.tv,63,0,0,0,0,0,59,4,0,1,0
orquidea.ai,1,1,1,0,0,0,0,0,0,0,0
otonal.co.jp,2,2,0,0,2,0,0,0,0,0,0
ozdigital.com,48,0,0,2,0,0,33,14,1,2,0
pancast.com,37,0,0,1,0,0,37,0,0,0,28
pangleglobal.com,10878,0,8340,23,7221,0,10878,0,0,0,0
papayads.net,748,0,0,0,748,106,748,0,0,0,747
pebblemedia.be,15,0,0,0,0,0,15,0,0,0,0
peoplemedia.digital,1,1,1,0,0,0,0,0,0,0,0
pepsia.com,797,0,0,797,0,0,797,0,0,0,0
performax.cz,58,0,0,7,0,0,58,0,0,0,0
pf-ssp.com,2,0,0,0,0,0,2,0,0,0,0
pgamssp.com,24,0,0,0,0,0,24,0,0,0,0
phaistosnetworks.gr,204,0,0,3,0,0,204,0,0,0,3
phonder.com,43,0,0,0,0,0,1,42,0,1,0
phunware.com,32,32,32,0,0,31,0,0,0,0,31
piemmeonline.it,10,0,0,0,0,0,10,0,0,0,0
pilotx.tv,62,0,1,1,0,1,61,0,1,1,3
pixfuture.com,2455,28,16,524,0,0,2427,0,0,0,0
piximedia.com,126,0,1,8,0,0,111,0,15,1,0
placeexchange.com,131,0,0,1,0,0,131,0,0,0,0
planetnine.com,46,0,0,46,0,0,45,1,0,1,0
planetsport.com,9,0,5,0,0,0,9,0,0,0,0
platine.com.vn,12,0,0,0,0,0,12,0,0,0,0
playad.se,1574,0,1,29,0,0,1432,127,15,2,7
playbuzz.com,824,0,1,94,0,1,800,16,8,2,2
playground.xyz,2341,0,0,2341,0,0,2341,0,0,0,0
playinc.uk.com,4,0,0,0,0,0,4,0,0,0,0
playstream.media,160,0,0,3,0,2,159,1,0,1,36
playtem.com,89,0,26,0,0,0,89,0,0,0,0
playwire.com,1391,0,3,67,0,0,1391,0,0,0,0
plexusstudios.com,54,0,0,1,0,0,50,2,2,2,0
plista.com,3156,0,14,1174,0,0,3156,0,0,0,0
pmbmonetize.com,82,0,0,77,0,0,82,0,0,0,0
pmc.com,2959,0,2953,9,341,0,2956,1,2,2,0
pmldigital.com,178,0,0,2,0,0,174,2,2,2,0
pokkt.com,283,0,0,9,0,0,183,100,0,1,0
powerspace.com,121,0,81,0,0,0,121,0,0,0,0
powr.com,10,0,0,0,0,0,10,0,0,0,0
ppnet.gr,111,0,4,0,0,1,111,0,0,0,2
premiumads.com.br,274,0,3,6,0,0,274,0,0,0,0
prequel.tv,1,1,1,0,0,0,0,0,0,0,0
presscommtech.com,1,1,1,0,0,0,0,0,0,0,0
primerealtime.com,99,0,0,51,0,0,89,0,10,1,0
primis.tech,332,0,6,19,0,0,291,26,15,2,0
prismamedia.com,24,0,0,0,0,0,24,0,0,0,0
proad.se,29,0,0,0,0,0,29,0,0,0,0
projectadv.it,512,0,0,511,0,23,257,255,0,1,299
projectagora.com,2135,0,1195,3,0,0,1896,51,188,2,0
promo-fix.com,2,0,0,0,0,0,2,0,0,0,0
proper.io,214,0,75,4,0,0,214,0,0,0,2
propermedia.io,214,0,75,4,0,0,214,0,0,0,2
props.id,1230,0,0,32,0,0,1230,0,0,0,0
pubadmedia.com,1,1,1,0,0,0,0,0,0,0,0
pubfinity.com,26,0,0,0,0,0,26,0,0,0,0
pubfuture.com,452,0,452,0,452,0,452,0,0,0,0
pubgenius.io,45,0,0,18,0,0,45,0,0,0,0
publiffy.com,403,0,34,2,0,0,402,0,1,1,0
publift.com,697,0,5,63,0,0,697,0,0,0,0
publir.com,211,0,0,9,0,0,210,1,0,1,0
publisher1st.com,231,0,0,7,0,0,231,0,0,0,147
publisherdesk.com,114,0,0,4,0,0,114,0,0,0,0
publisherhealth.com,8,0,0,0,0,0,8,0,0,0,0
publishernetwork.net,41,0,0,3,0,0,36,5,0,1,0
publishers.bandsintown.com,144,0,0,13,0,0,144,0,0,0,0
publy.com,333,0,0,322,0,0,333,0,0,0,0
pubmatic.com,4504,10,16,170,0,0,2133,2087,274,2,0
pubnation.com,4,0,4,0,0,0,4,0,0,0,0
pubnative.net,838,0,33,13,23,0,689,144,5,2,0
pubpower.io,122,0,2,1,0,0,117,5,0,1,0
pubstream.com,2509,0,12,434,0,0,2509,0,0,0,55
pubtech.ai,75,0,8,27,8,0,74,0,1,1,0
pubventuresmedia.com,1,1,1,0,0,0,0,0,0,0,0
pubwise.io,1524,0,4,428,0,0,1521,3,0,1,0
purealphaventures.com,419,0,0,419,0,0,340,79,0,1,396
qt.io,9,0,0,0,0,0,9,0,0,0,0
quantum-advertising.com,232,0,114,0,0,0,184,27,21,2,0
quantumdex.io,2064,0,52,14,0,0,2024,40,0,1,0
quartermedia.de,467,0,12,4,0,0,467,0,0,0,0
qwertize.com,1,0,0,0,0,0,0,1,0,1,0
r2b2.cz,198,0,1,11,0,0,193,2,3,2,0
r2b2.io,198,0,1,11,0,0,193,2,3,2,0
r4you.co,17,0,0,17,0,0,16,1,0,1,3
readwhere.digital,244,0,244,27,244,0,244,0,0,0,0
realvu.com,1,1,1,0,0,0,0,0,0,0,0
rebelmouse.com,12,0,0,0,0,0,12,0,0,0,0
recruemedia.com,1,1,1,0,0,0,0,0,0,0,0
redmas.com,610,3,24,9,0,6,607,0,0,0,214
redpineapplemedia.com,1309,0,3,266,0,0,1309,0,0,0,0
redviewmedia.com,6,0,0,0,0,0,5,1,0,1,0
redzone.digital,1,1,1,0,0,0,0,0,0,0,0
reedpop.com,8,0,0,0,0,0,8,0,0,0,0
refinery89.com,528,0,519,71,0,0,523,1,4,2,0
reignn.com,30,0,28,0,0,0,30,0,0,0,0
reklamstore.com,20003,0,102,4753,0,0,20003,0,0,0,0
reklamup.com,334,0,8,16,0,0,334,0,0,0,147
relabe.com,1757,0,0,103,0,0,1757,0,0,0,1204
relaido.jp,76,0,4,0,4,0,76,0,0,0,0
relappro.com,279,0,0,8,0,0,278,1,0,1,0
relentlo.com,7,0,0,0,0,0,7,0,0,0,0
relevant-digital.com,109,0,5,1,0,0,109,0,0,0,64
relevant.fi,109,0,5,1,0,0,109,0,0,0,64
relict.media,73,0,11,0,0,0,69,4,0,1,0
resetdigital.co,123,0,5,5,0,0,123,0,0,0,0
resultsmedia.com,32,0,0,2,0,0,22,8,2,2,4
revcontent.com,1522,0,154,68,0,0,1511,0,11,1,0
revenuemaker.es,31,0,0,0,0,2,31,0,0,0,5
revnewdigital.com,1,1,1,0,0,0,0,0,0,0,0
richaudience.com,426,0,24,2,0,0,384,1,41,2,0
ringier-advertising.ch,12,0,0,1,0,0,12,0,0,0,0
risecodes.com,140,0,1,21,0,0,113,15,12,2,0
rogersmedia.com,20,0,0,0,0,0,18,2,0,1,0
rogerssportsandmedia.com,20,0,0,0,0,0,18,2,0,1,0
roimediaconsultants.com,888,0,0,1,0,0,888,0,0,0,862
rtbdemand.com,859,0,1,46,0,0,859,0,0,0,22
rtbexperts.ae,150,0,0,0,0,0,150,0,0,0,0
rtbone.com,9,0,0,3,0,0,9,0,0,0,0
rubiconproject.com,3029,0,2,67,0,0,1299,1703,27,2,0
rwadx.com,255,0,255,24,255,0,255,0,0,0,0
saambaa.com,699,0,3,42,0,3,690,4,5,2,4
sabah.com.tr,7,0,0,0,0,0,7,0,0,0,4
safex.tv,9,0,0,0,0,0,9,0,0,0,0
sales-frontier.com,139,0,0,0,0,0,139,0,0,0,50
samba.tv,92,0,1,3,0,1,81,7,4,2,6
sambanetworks.com,92,0,1,3,0,1,81,7,4,2,6
sapo.pt,7,0,0,0,0,0,7,0,0,0,0
sayollo.com,50,0,0,1,0,0,50,0,0,0,0
scripps.com,11,0,0,0,0,0,11,0,0,0,0
scupio.com,426,0,1,423,0,0,426,0,0,0,0
se7en.es,66,0,4,0,0,1,55,11,0,1,4
seedtag.com,12926,0,211,74,0,8258,12255,0,671,1,8295
sekindo.com,332,0,6,19,0,0,291,26,15,2,0
selectmedia.asia,594,0,3,40,0,0,590,4,0,1,0
sellers.rhebus.work,37,0,7,1,7,0,30,7,0,1,0
sellers.tapjoy.com,558,0,0,4,0,0,558,0,0,0,0
sellers.thirdpresence.com,78,0,0,1,0,0,66,12,0,1,0
sellwild.com,49,0,0,1,0,0,48,0,1,1,0
semseoymas.com,419,0,2,148,0,0,419,0,0,0,3
semseoymas.net,419,0,2,148,0,0,419,0,0,0,3
sendtonews.com,2213,0,0,2213,0,0,2213,0,0,0,0
setupad.com,1397,0,1395,1,1395,0,1397,0,0,0,0
seven.one,20,0,0,0,0,0,14,6,0,1,0
sevenonemedia.de,20,0,0,0,0,0,14,6,0,1,0
sharechat.com,1,0,0,0,0,0,1,0,0,0,0
sharethrough.com,1562,0,0,62,0,0,940,579,43,2,0
shemedia.com,2959,0,2953,9,341,0,2956,1,2,2,0
shinez.io,4,0,0,0,0,0,4,0,0,0,0
showheroes.com,1574,0,1,29,0,0,1432,127,15,2,7
sibboventures.com,1,1,1,0,0,0,0,0,0,0,0
silvermob.com,52,0,0,2,0,0,31,20,1,2,0
simpleads.com.br,1176,0,0,29,0,0,1173,3,0,1,0
simplymediagroup.co.uk,1,1,1,0,0,0,0,0,0,0,0
skalden-media.de,27,0,0,0,0,0,27,0,0,0,17
skoiy.xyz,11,0,0,0,0,0,0,11,0,1,0
skyboard.fr,5,0,0,0,0,0,5,0,0,0,0
smaato.com,1546,0,38,10,0,0,492,1051,3,2,0
smartadline.com,197,0,0,0,0,0,197,0,0,0,96
smartadserver.com,1764,0,16,71,0,0,766,815,183,2,0
smartclip.com,1,1,1,0,0,0,0,0,0,0,0
smartclip.net,606,0,4,8,0,0,486,92,28,2,0
smartframe.io,16549,0,558,15981,0,1,16549,0,0,0,6
smartivi.ai,30,0,0,12,0,1,30,0,0,0,4
smartlify.com,1,0,0,0,0,0,1,0,0,0,0
smilewanted.com,1072,0,2,718,0,8,776,250,46,2,11
smrtb.com,168,0,96,7,0,0,55,96,17,2,0
snack-media.com,453,0,6,153,0,0,453,0,0,0,0
snigelweb.com,124,0,4,25,0,0,124,0,0,0,0
societyalpha.tv,30,0,0,0,0,0,13,10,7,2,0
softgames.com,8983,0,1422,687,0,0,8983,0,0,0,0
softgames.de,8983,0,1422,687,0,0,8983,0,0,0,0
softonic.com,25,0,0,0,0,0,25,0,0,0,0
solex.io,24,0,1,0,0,0,20,4,0,1,0
solution.coupons,7,0,0,1,0,0,7,0,0,0,0
sonictwist.media,711,0,1,29,0,0,711,0,0,0,134
sonobi.com,579,0,1,18,0,0,307,248,24,2,0
sonp.or.th,20,0,0,0,0,0,0,0,20,1,0
sootix.tv,5,0,0,0,0,0,5,0,0,0,0
soundcast.fm,39,39,0,0,0,2,0,0,0,0,2
spacefoot.com,106,0,9,2,9,0,103,3,0,1,0
sparcmedia.com,10,0,0,0,0,0,10,0,0,0,5
specto.tv,40,0,0,0,0,0,40,0,0,0,2
spolecznosci.pl,133,0,0,7,0,0,133,0,0,0,0
sportingnewsholdings.com,3,0,0,1,0,0,3,0,0,0,0
sportplatz-media.com,1,1,1,0,0,0,0,0,0,0,0
spot.im,266,0,0,7,0,4,254,9,3,2,7
spotible.com,59,0,0,6,0,0,58,0,1,1,1
spotim.market,266,0,0,7,0,4,254,9,3,2,7
spotx.tv,631,0,0,11,0,0,466,150,15,2,0
spotxchange.com,631,0,0,11,0,0,466,150,15,2,0
springserve.com,137,0,1,12,0,0,93,42,2,2,0
srcflare.com,6,0,0,0,0,0,3,0,3,1,0
ssp.adnetwork.agency,260,0,53,15,53,0,260,0,0,0,0
ssp.e-volution.ai,200,0,6,18,6,0,142,41,17,2,0
ssp.smartyads.com,1,1,1,0,0,0,0,0,0,0,0
start.io,2048,0,4,189,0,0,2038,7,3,2,0
static.frameplay.gg,69,0,69,0,0,0,69,0,0,0,0
step.dk,49,0,49,0,49,0,49,0,0,0,0
stepnetwork.dk,49,0,49,0,49,0,49,0,0,0,0
stnvideo.com,2213,0,0,2213,0,0,2213,0,0,0,0
streamkey.tv,1,1,1,0,0,0,0,0,0,0,0
streamlyn.com,319,0,1,10,0,0,304,15,0,1,85
streann.com,69,0,0,0,0,0,69,0,0,0,0
stroeer.de,133,0,0,17,0,0,133,0,0,0,0
strossle.com,183,0,0,8,0,0,183,0,0,0,0
sublime.xyz,1032,36,165,29,0,0,832,97,67,2,0
suite66.com,14,0,0,0,0,0,14,0,0,0,0
sunmedia.tv,296,0,2,6,0,0,295,0,1,1,0
supply.colossusssp.com,134,0,30,2,30,0,110,24,0,1,0
synacor.com,151,0,0,4,0,0,96,41,14,2,0
taboola.com,21733,0,77,286,0,1743,17752,3981,0,1,1743
taipeidigital.bidscube.com,287,0,4,0,4,0,26,12,249,2,0
take1ads.com,1,1,1,0,0,0,0,0,0,0,0
takerate.com,388,0,0,376,0,0,388,0,0,0,0
takoomi.com,1,1,1,0,0,0,0,0,0,0,0
talksmedia.it,75,0,8,27,8,0,74,0,1,1,0
tallmanads.com,11,0,0,0,0,0,11,0,0,0,0
tamenetwork.com,1,1,1,0,0,0,0,0,0,0,0
tangodigitalagency.com,19,0,0,18,0,0,3,0,16,1,0
tapjoy.com,558,0,0,4,0,0,558,0,0,0,0
tappx.com,199,0,42,3,42,0,198,1,0,1,0
target-video.com,74,0,0,5,0,0,1,0,73,1,0
targetspot.com,190,0,0,8,0,0,153,36,1,2,0
teads.tv,3470,0,4,74,4,0,3292,132,46,2,0
telaria.com,30850,0,10,11,0,0,583,30260,7,2,0
temedya.com,598,0,1,497,0,0,598,0,0,0,0
theadengine.com,138,0,0,0,0,0,137,1,0,1,15
thearenagroup.net,99,0,48,1,0,0,99,0,0,0,0
thebonddigital.com,18,0,0,2,0,0,18,0,0,0,0
thebrave.io,62,0,0,5,0,0,35,25,2,2,1
theglobeandmail.com,11,0,0,0,0,0,11,0,0,0,4
thelbcsolutions.com,11,0,0,0,0,0,11,0,0,0,0
themediagrid.com,2800,0,1,83,0,0,1301,1427,72,2,21
themediasense.com,25,0,0,1,0,0,23,1,1,2,0
themediashop.co,17,0,0,1,0,0,17,0,0,0,2
themoneytizer.com,5521,0,3,25,0,16,5521,0,0,0,1884
theplacetobid.fr,15,0,0,0,0,0,15,0,0,0,0
thetradehouse.co.uk,26,0,0,0,0,0,26,0,0,0,0
theviewpoint.com,112,0,0,3,0,0,100,9,3,2,0
thirdpresence.com,78,0,0,1,0,0,66,12,0,1,0
thisisdax.com,7,0,0,0,0,0,3,3,1,2,0
tolocal.nl,8461,1,0,23,0,4,8452,8,0,1,8188
tooplay.com,45,0,0,0,0,0,44,0,1,1,16
torcai.com,1,1,1,0,0,0,0,0,0,0,0
totalmediasolutions.com,18,0,0,0,0,0,18,0,0,0,0
tpmn.co.kr,1,1,1,0,0,0,0,0,0,0,0
tpmn.io,1,1,1,0,0,0,0,0,0,0,0
tradehouse.media,26,0,0,0,0,0,26,0,0,0,0
tradehousemedia.com,26,0,0,0,0,0,26,0,0,0,0
tradplusad.com,8,0,0,0,0,0,8,0,0,0,0
traffective.com,168,0,5,6,0,0,154,14,0,1,0
trafficrich.com,10,0,0,1,0,0,10,0,0,0,9
tremorhub.com,30850,0,10,11,0,0,583,30260,7,2,0
trioninteractive.com,143,0,2,5,0,0,128,15,0,1,0
triple13.io,113,0,0,1,0,0,112,1,0,1,0
triplelift.com,6698,0,4,70,0,0,3216,3415,67,2,0
tritondigital.com,1563,0,1253,6,0,0,1560,3,0,1,0
trustx.org,41,0,0,1,0,0,40,0,1,1,0
truvid.com,1679,0,70,106,70,0,1660,7,12,2,0
turkuvazreklampazarlama.com,10,0,0,0,0,0,10,0,0,0,7
tv2.no,2,0,0,0,0,0,2,0,0,0,0
tvnmedia.pl,5,0,0,0,0,0,5,0,0,0,0
twiago.com,717,0,3,714,0,0,717,0,0,0,458
twocircles.com,3,0,0,0,0,0,2,0,1,1,0
ubrikvideo.com,570,0,0,7,0,0,569,1,0,1,1
udmserve.net,559,0,3,48,0,0,558,1,0,1,0
uis.mobfox.com,859,0,141,9,141,2,769,87,3,2,19
umdigital.co.il,18,0,0,0,0,0,18,0,0,0,0
unblockia.com,126,0,5,1,0,0,123,1,2,2,0
underdogmedia.com,559,0,3,48,0,0,558,1,0,1,0
undertone.com,212,0,18,13,0,0,164,42,6,2,0
unibots.in,918,0,5,38,0,0,918,0,0,0,0
united-internet-media.de,2,0,0,0,0,0,2,0,0,0,0
unity.com,18212,0,15152,101,0,0,18212,0,0,0,0
unity3d.com,18212,0,15152,101,0,0,18212,0,0,0,0
unrulymedia.com,2265,0,9,40,0,9,1407,814,44,2,22
urekamedia.com,158,0,1,38,0,0,157,1,0,1,0
us.themoneytizer.com,5521,0,3,25,0,16,5521,0,0,0,1884
valuad.io,14,0,0,0,0,0,0,0,14,1,0
valueimpression.com,2064,0,52,14,0,0,2024,40,0,1,0
vdo.ai,522,0,0,34,0,2,522,0,0,0,23
velismedia.com,1920,4,9,28,0,2,1874,42,0,1,15
venatus.com,1808,0,0,774,0,0,1808,0,0,0,0
venatusmedia.com,1808,0,0,774,0,0,1808,0,0,0,0
vendonexus.com,8,0,0,0,0,0,8,0,0,0,7
vertismedia.co.uk,90,0,0,90,0,0,90,0,0,0,0
verve.com,732,0,0,15,0,10,635,97,0,1,10
vi.ai,8273,5,71,1484,0,0,7954,309,5,2,48
viads.com,45,0,0,2,0,0,44,1,0,1,0
vidazoo.com,245,0,0,15,0,0,232,10,3,2,0
vidcrunch.com,299,0,1,199,0,0,254,32,13,2,0
video.unrulymedia.com,2265,0,9,40,0,9,1407,814,44,2,22
videobeet.tv,1,0,1,0,1,0,0,1,0,1,0
videobyte.com,159,0,0,3,0,0,0,0,159,1,0
videoffy.com,403,0,34,2,0,0,402,0,1,1,0
videoheroes.tv,72,0,4,1,0,0,60,12,0,1,1
vidgyor.com,47,0,0,1,0,0,47,0,0,0,0
vidillion.com,54,0,1,0,0,0,54,0,0,0,0
vidoomy.com,2511,0,1,62,0,0,2439,72,0,1,0
vidstart.com,25,0,0,0,0,0,17,8,0,1,1
viewdeos.com,255,0,0,3,0,2,237,8,10,2,3
viooh.com,25,0,0,0,0,0,25,0,0,0,0
viously.com,210,0,0,2,0,0,210,0,0,0,1
viralize.com,1371,0,0,23,0,0,1267,93,11,2,0
vizio.com,15,0,0,1,0,0,13,0,2,1,0
viznet.tv,4,0,0,0,0,0,0,0,4,1,2
vlion.mobi,39,0,0,2,0,0,35,0,4,1,3
vlogbox.com,7,0,0,0,0,0,6,1,0,1,0
vlyby.com,42,0,42,0,42,0,41,0,1,1,0
voicemediagroup.com,70,0,2,2,0,0,70,0,0,0,0
volantisdigital.com,62,0,0,0,0,2,62,0,0,0,3
vortexmedia.es,13,0,0,0,0,0,13,0,0,0,0
vrtcal.com,247,0,1,6,0,0,247,0,0,0,0
vungle.com,7632,0,6711,87,0,0,7632,0,0,0,0
vuukle.com,666,0,0,298,0,0,666,0,0,0,386
vyadd.com,161,0,0,3,0,0,0,161,0,1,0
waardex.com,165,0,2,60,2,0,155,8,2,2,0
waytogrow.com,807,0,3,766,0,0,806,1,0,1,3
waytogrow.eu,807,0,3,766,0,0,806,1,0,1,3
wearebab.com,1,1,1,0,0,0,0,0,0,0,0
webads.eu,55,0,0,4,0,0,55,0,0,0,0
webads.nl,18,0,0,2,0,0,18,0,0,0,0
webfinancialgroup.com,13,0,0,0,0,0,13,0,0,0,0
weborama.nl,638,0,9,1,0,0,637,1,0,1,616
weegooads.com,351,0,0,2,0,0,351,0,0,0,255
wemass.com,6,0,0,0,0,0,6,0,0,0,0
westseven.media,15,0,0,1,0,0,15,0,0,0,0
whenevermedia.com,1,1,1,0,0,0,0,0,0,0,0
whildey.com,174,0,0,15,0,0,174,0,0,0,68
wideorbit.com,86,0,0,1,0,0,80,6,0,1,0
winvid.co,29,0,0,0,0,0,22,7,0,1,0
winvid.tv,29,0,0,0,0,0,22,7,0,1,0
wmgroup.us,1,1,1,0,0,0,0,0,0,0,0
wordads.co,268518,0,45,0,0,0,268518,0,0,0,0
wordpay.io,3,0,0,0,0,0,3,0,0,0,0
wortise.com,26,0,0,0,0,2,26,0,0,0,17
wowyow.com,436,0,0,0,0,2,435,1,0,1,426
wpartner.pl,38,0,0,0,0,0,1,37,0,1,0
wunderkind.co,470,0,0,7,0,0,470,0,0,0,0
wurl.com,218,0,182,1,182,0,218,0,0,0,0
xad.com,25,0,0,0,0,0,15,10,0,1,0
xandr.com,1975,0,32,73,19,0,1336,419,220,2,0
xqubemedia.com,1,1,1,0,0,0,0,0,0,0,0
xtrmqb.com,35,0,0,1,0,0,14,21,0,1,0
xymatic.com,15,0,12,0,12,0,15,0,0,0,0
yahoo.com,2348,0,5,82,1,0,1519,734,95,2,0
yandex.com,58,0,0,0,0,0,54,1,3,2,0
yeahmobi.com,108,0,1,0,0,0,63,42,3,2,2
yieldbird.com,540,0,0,106,0,4,540,0,0,0,5
yieldit.nl,70,0,0,70,0,0,70,0,0,0,0
yieldlab.net,121,0,0,8,0,0,66,30,25,2,0
yieldlift.com,91,0,1,2,0,0,91,0,0,0,0
yieldlove.com,5003,0,43,290,0,1548,5003,0,0,0,3321
yieldlove.de,5003,0,43,290,0,1548,5003,0,0,0,3321
yieldnexus.com,4,0,2,0,1,0,2,2,0,1,0
yieldoptimisers.com,71,0,0,0,0,0,67,4,0,1,0
yieldpubs.com,1,1,1,0,0,0,0,0,0,0,0
yieldriser.com,404,0,404,0,404,0,404,0,0,0,0
yobee.it,221,0,0,221,0,0,0,0,221,1,0
yoc.com,278,0,0,17,0,0,272,6,0,1,0
yollamedia.com,30,0,0,13,0,0,30,0,0,0,0
yourbow.com,207,0,0,5,0,0,200,5,2,2,4
z1.co,522,0,0,34,0,2,522,0,0,0,23
zeststack.com,1,1,1,0,0,0,0,0,0,0,0